"","k","m","n","ARL","H"
"159",0.2,125,20,236.3879,2.868
"207",0.2,125,10,480.9211,3.48
"179",0.2,100,20,371.2498,3
"14",0.05,150,20,259.1009,2.060849339
"195",0.2,175,25,358.526,3.225
"170",0.2,175,25,251.5009,3
"50",0.05,200,25,381.398,2.310649259
"118",0.1,175,15,382.7975,2.839822662
"43",0.05,175,15,367.038,2.341874249
"222",0.2,200,10,519.6014,3.828
"218",0.2,175,15,477.6842,3.51
"153",0.2,100,15,262.6207,2.88
"90",0.1,150,25,249.3579,2.440983408
"91",0.1,175,5,260.2125,2.872514404
"197",0.2,200,10,384.9566,3.5595
"212",0.2,150,10,497.5991,3.6
"185",0.2,125,25,354.8092,3.0375
"92",0.1,175,10,250.0025,2.643672209
"137",0.1,150,10,521.5241,3.035973114
"99",0.1,200,20,264.7272,2.637133861
"72",0.05,200,10,514.2325,2.622899159
"26",0.05,100,5,360.272,2.279424269
"7",0.05,125,10,247.6762,2.060849339
"220",0.2,175,25,491.68,3.42
"224",0.2,200,20,498.4864,3.525
"164",0.2,150,20,249.4144,2.9625
"78",0.1,100,15,249.8827,2.375599924
"81",0.1,125,5,252.6018,2.72431184
"217",0.2,175,10,509.7173,3.723525
"103",0.1,100,15,369.581,2.549955882
"117",0.1,175,10,373.0302,2.905206146
"76",0.1,100,5,246.5989,2.582647624
"143",0.1,175,15,491.4197,2.97058963
"32",0.05,125,10,366.7943,2.263811774
"109",0.1,125,20,367.8724,2.615339366
"203",0.2,100,15,518.2872,3.2562
"201",0.2,100,5,512.804,3.7635
"169",0.2,175,20,232.7492,3.0015
"74",0.05,200,20,493.5247,2.497999199
"23",0.05,200,15,255.4306,2.201361794
"155",0.2,100,25,256.4736,2.7114
"53",0.05,100,15,502.9611,2.248199279
"135",0.1,125,25,514.8424,2.72431184
"184",0.2,125,20,375.3852,3.12
"209",0.2,125,20,528.6816,3.33
"166",0.2,175,5,261.5038,3.528
"34",0.05,125,20,362.4751,2.123299319
"69",0.05,175,20,490.3041,2.435549219
"205",0.2,100,25,492.0468,3.075
"194",0.2,175,20,381.2076,3.3
"63",0.05,150,15,525.3777,2.435549219
"141",0.1,175,5,496.5269,3.312763197
"97",0.1,200,10,247.397,2.6829023
"210",0.2,125,25,488.8548,3.225
"214",0.2,150,20,481.0771,3.375
"38",0.05,150,15,360.0428,2.279424269
"21",0.05,200,5,250.4474,2.310649259
"41",0.05,175,5,363.4408,2.513611694
"213",0.2,150,15,514.0755,3.48
"60",0.05,125,25,516.4899,2.216974289
"16",0.05,175,5,253.9803,2.295036764
"116",0.1,175,5,378.3863,3.116612745
"94",0.1,175,20,259.7401,2.571750377
"6",0.05,125,5,238.9382,2.154524309
"86",0.1,150,5,238.4857,2.746106334
"161",0.2,150,5,238.212,3.3675
"39",0.05,150,20,360.4728,2.216974289
"215",0.2,150,25,489.6872,3.33
"219",0.2,175,20,508.669,3.48
"223",0.2,200,15,486.1666,3.6045
"4",0.05,100,20,257.5768,1.8734994
"13",0.05,150,15,241.7663,2.076461834
"178",0.2,100,15,378.2806,3.075
"127",0.1,100,10,492.1857,2.789695324
"52",0.05,100,10,520.5768,2.326261754
"22",0.05,200,10,261.4259,2.248199279
"89",0.1,150,20,254.2768,2.506366893
"25",0.05,200,25,254.2007,2.123299319
"35",0.05,125,25,383.8092,2.092074329
"112",0.1,150,10,375.3374,2.833284313
"30",0.05,100,25,365.1692,1.93594938
"140",0.1,150,25,519.507,2.822387066
"121",0.1,200,5,370.0232,3.160201734
"110",0.1,125,25,385.983,2.560853129
"64",0.05,150,20,493.9674,2.373099239
"67",0.05,175,10,493.9513,2.560449179
"122",0.1,200,10,366.3684,2.933538989
"79",0.1,100,20,252.4374,2.31021644
"85",0.1,125,25,254.1798,2.375599924
"136",0.1,150,5,503.3853,3.25827696
"51",0.05,100,5,497.4835,2.461153711
"187",0.2,150,10,379.4509,3.4095
"106",0.1,125,5,356.801,2.946615686
"98",0.1,200,15,256.9649,2.669825603
"134",0.1,125,20,526.4972,2.789695324
"152",0.2,100,10,266.2079,2.955
"17",0.05,175,10,259.3664,2.185749299
"62",0.05,150,10,492.6388,2.497999199
"46",0.05,200,5,376.9525,2.576061674
"54",0.05,100,20,497.0783,2.154524309
"147",0.1,200,10,516.5795,3.123151093
"104",0.1,100,20,354.3183,2.484572398
"142",0.1,175,10,510.8895,3.079562104
"115",0.1,150,25,383.6476,2.658928356
"163",0.2,150,15,237.272,3
"138",0.1,150,15,503.6357,2.927000641
"24",0.05,200,20,255.8031,2.154524309
"113",0.1,150,15,373.7659,2.757003582
"87",0.1,150,10,257.2912,2.604442119
"107",0.1,125,10,372.7133,2.746106334
"190",0.2,150,25,368.4189,3.15
"93",0.1,175,15,255.0619,2.615339366
"120",0.1,175,25,366.0093,2.713414592
"186",0.2,150,5,364.3208,3.709425
"204",0.2,100,20,516.6943,3.18
"102",0.1,100,10,356.6816,2.615339366
"192",0.2,175,10,360.7315,3.45
"139",0.1,150,20,521.5868,2.861617156
"27",0.05,100,10,380.4873,2.183284169
"42",0.05,175,10,371.4868,2.388711734
"5",0.05,100,25,260.0756,1.81104942
"70",0.05,175,25,485.5408,2.373099239
"165",0.2,150,25,242.4029,2.925
"119",0.1,175,20,365.3972,2.752644683
"191",0.2,175,5,370.6953,3.823125
"188",0.2,150,15,358.8945,3.27
"55",0.05,100,25,482.7515,2.060849339
"75",0.05,200,25,490.9429,2.435549219
"36",0.05,150,5,363.5115,2.451161714
"83",0.1,125,15,260.7523,2.484572398
"149",0.1,200,20,508.5115,2.992384125
"225",0.2,200,25,483.4621,3.4725
"126",0.1,100,5,504.0634,3.059947058
"167",0.2,175,10,256.1286,3.196905
"9",0.05,125,20,248.4144,1.967174369
"71",0.05,200,5,517.963,2.779024109
"48",0.05,200,15,384.4717,2.404324229
"77",0.1,100,10,263.6924,2.451880656
"96",0.1,200,5,259.1437,2.911744494
"56",0.05,125,5,497.4835,2.560449179
"193",0.2,175,15,364.9024,3.33
"68",0.05,175,15,489.4332,2.497999199
"1",0.05,100,5,240.8457,2.060849339
"40",0.05,150,25,371.2417,2.185749299
"145",0.1,175,25,495.7267,2.876873303
"196",0.2,200,5,367.0349,3.88005
"114",0.1,150,20,367.8024,2.687261199
"132",0.1,125,10,505.8714,2.920462292
"95",0.1,175,25,252.5108,2.506366893
"20",0.05,175,25,255.1279,2.060849339
"144",0.1,175,20,497.4402,2.927000641
"173",0.2,200,15,235.8161,3.0975
"151",0.2,100,5,246.6062,3.187125
"150",0.1,200,25,483.7146,2.93135954
"49",0.05,200,20,358.7096,2.341874249
"133",0.1,125,15,477.4145,2.811489819
"59",0.05,125,20,497.2447,2.279424269
"11",0.05,150,5,251.2297,2.232586784
"206",0.2,125,5,504.0357,3.9
"8",0.05,125,15,249.5634,2.029624349
"130",0.1,100,25,505.8714,2.593544871
"100",0.1,200,25,257.1944,2.571750377
"45",0.05,175,25,369.4969,2.248199279
"2",0.05,100,10,256.4689,1.967174369
"211",0.2,150,5,510.0023,4.038
"154",0.2,100,20,240.0812,2.7525
"65",0.05,150,25,502.0047,2.310649259
"162",0.2,150,10,256.2312,3.135
"57",0.05,125,10,503.0858,2.404324229
"66",0.05,175,5,520.3641,2.716574129
"44",0.05,175,20,363.362,2.279424269
"101",0.1,100,5,385.5265,2.933103099
"131",0.1,125,5,484.7746,3.142766138
"175",0.2,200,25,247.694,3.045
"216",0.2,175,5,509.9044,4.11
"80",0.1,100,25,251.3869,2.223038461
"146",0.1,200,5,499.5081,3.367249434
"33",0.05,125,15,384.1921,2.232586784
"82",0.1,125,10,259.2754,2.549955882
"47",0.05,200,10,389.4217,2.451161714
